DBN,Category,Tested,Passed,,Category,Tested,Passed,,%Disadvantaged,%NotDisadvantaged,%PASSED,DisadvantagedDecile,PassedDecile,Passed
01M034,Econ Disadv,36,0,,Not Econ Disadv,1,0,,0.97,0.03,0,10,0,0
01M140,Econ Disadv,48,29,,Not Econ Disadv,12,42,,0.8,0.2,0.32,8,3,32
01M184,Econ Disadv,62,71,,Not Econ Disadv,19,100,,0.77,0.23,0.78,8,8,78
01M188,Econ Disadv,47,0,,Not Econ Disadv,3,0,,0.94,0.06,0,9,0,0
01M332,Econ Disadv,58,14,,Not Econ Disadv,10,50,,0.85,0.15,0.19,9,2,19
01M378,Econ Disadv,62,32,,Not Econ Disadv,9,44,,0.87,0.13,0.34,9,3,34
01M450,Econ Disadv,50,64,,Not Econ Disadv,33,73,,0.6,0.4,0.68,6,7,68
01M539,Econ Disadv,16,100,,Not Econ Disadv,108,100,,0.13,0.87,1,1,10,100
01M839,Econ Disadv,76,51,,Not Econ Disadv,34,71,,0.69,0.31,0.57,7,6,57
02M104,Econ Disadv,154,56,,Not Econ Disadv,186,81,,0.45,0.55,0.7,5,7,70
02M114,Econ Disadv,20,95,,Not Econ Disadv,126,94,,0.14,0.86,0.94,1,9,94
02M126,Econ Disadv,66,76,,Not Econ Disadv,46,93,,0.59,0.41,0.83,6,8,83
02M131,Econ Disadv,104,40,,Not Econ Disadv,15,73,,0.87,0.13,0.44,9,4,44
02M167,Econ Disadv,132,70,,Not Econ Disadv,297,91,,0.31,0.69,0.85,3,8,85
02M177,Econ Disadv,26,50,,Not Econ Disadv,50,76,,0.34,0.66,0.67,3,7,67
02M217,Econ Disadv,16,25,,Not Econ Disadv,10,50,,0.62,0.38,0.35,6,3,35
02M225,Econ Disadv,4,0,,Not Econ Disadv,6,0,,0.4,0.6,0,4,0,0
02M255,Econ Disadv,14,93,,Not Econ Disadv,113,92,,0.11,0.89,0.92,1,9,92
02M260,Econ Disadv,9,89,,Not Econ Disadv,86,94,,0.09,0.91,0.94,1,9,94
02M276,Econ Disadv,21,57,,Not Econ Disadv,66,79,,0.24,0.76,0.74,2,7,74
02M289,Econ Disadv,42,76,,Not Econ Disadv,41,85,,0.51,0.49,0.8,5,8,80
02M297,Econ Disadv,53,38,,Not Econ Disadv,155,66,,0.25,0.75,0.59,3,6,59
02M312,Econ Disadv,59,90,,Not Econ Disadv,113,94,,0.34,0.66,0.93,3,9,93
02M347,Econ Disadv,5,0,,Not Econ Disadv,0,0,,1,0,0,10,0,0
02M397,Econ Disadv,14,57,,Not Econ Disadv,44,82,,0.24,0.76,0.76,2,8,76
02M407,Econ Disadv,5,0,,Not Econ Disadv,6,0,,0.45,0.55,0,5,0,0
02M408,Econ Disadv,14,57,,Not Econ Disadv,27,89,,0.34,0.66,0.78,3,8,78
02M413,Econ Disadv,35,46,,Not Econ Disadv,53,70,,0.4,0.6,0.6,4,6,60
02M422,Econ Disadv,38,29,,Not Econ Disadv,9,44,,0.81,0.19,0.32,8,3,32
02M442,Econ Disadv,7,57,,Not Econ Disadv,13,85,,0.35,0.65,0.75,4,8,75
02M896,Econ Disadv,61,51,,Not Econ Disadv,51,73,,0.54,0.46,0.61,5,6,61
02M933,Econ Disadv,40,25,,Not Econ Disadv,14,29,,0.74,0.26,0.26,7,3,26
03M054,Econ Disadv,51,63,,Not Econ Disadv,196,95,,0.21,0.79,0.88,2,9,88
03M076,Econ Disadv,47,0,,Not Econ Disadv,3,0,,0.94,0.06,0,9,0,0
03M149,Econ Disadv,25,20,,Not Econ Disadv,0,0,,1,0,0.2,10,2,20
03M180,Econ Disadv,29,17,,Not Econ Disadv,8,38,,0.78,0.22,0.22,8,2,22
03M191,Econ Disadv,51,25,,Not Econ Disadv,7,43,,0.88,0.12,0.27,9,3,27
03M243,Econ Disadv,8,100,,Not Econ Disadv,48,94,,0.14,0.86,0.95,1,9,95
03M245,Econ Disadv,40,68,,Not Econ Disadv,90,87,,0.31,0.69,0.81,3,8,81
03M247,Econ Disadv,43,42,,Not Econ Disadv,7,86,,0.86,0.14,0.48,9,5,48
03M250,Econ Disadv,30,10,,Not Econ Disadv,16,25,,0.65,0.35,0.15,7,2,15
03M256,Econ Disadv,35,40,,Not Econ Disadv,8,63,,0.81,0.19,0.44,8,4,44
03M258,Econ Disadv,53,36,,Not Econ Disadv,13,69,,0.8,0.2,0.43,8,4,43
03M291,Econ Disadv,14,86,,Not Econ Disadv,84,83,,0.14,0.86,0.83,1,8,83
03M333,Econ Disadv,16,63,,Not Econ Disadv,43,79,,0.27,0.73,0.75,3,7,75
03M334,Econ Disadv,12,100,,Not Econ Disadv,42,95,,0.22,0.78,0.96,2,10,96
03M415,Econ Disadv,29,0,,Not Econ Disadv,4,0,,0.88,0.12,0,9,0,0
03M421,Econ Disadv,47,32,,Not Econ Disadv,9,56,,0.84,0.16,0.36,8,4,36
03M859,Econ Disadv,2,0,,Not Econ Disadv,13,0,,0.13,0.87,0,1,0,0
03M860,Econ Disadv,14,0,,Not Econ Disadv,3,0,,0.82,0.18,0,8,0,0
03M862,Econ Disadv,89,42,,Not Econ Disadv,39,62,,0.7,0.3,0.48,7,5,48
04M007,Econ Disadv,56,0,,Not Econ Disadv,4,0,,0.93,0.07,0,9,0,0
04M012,Econ Disadv,35,94,,Not Econ Disadv,38,92,,0.48,0.52,0.93,5,9,93
04M057,Econ Disadv,73,27,,Not Econ Disadv,10,50,,0.88,0.12,0.3,9,3,30
04M072,Econ Disadv,50,24,,Not Econ Disadv,11,9,,0.82,0.18,0.21,8,2,21
04M096,Econ Disadv,42,0,,Not Econ Disadv,1,0,,0.98,0.02,0,10,0,0
04M108,Econ Disadv,47,23,,Not Econ Disadv,7,43,,0.87,0.13,0.26,9,3,26
04M171,Econ Disadv,51,65,,Not Econ Disadv,35,66,,0.59,0.41,0.65,6,7,65
04M206,Econ Disadv,51,14,,Not Econ Disadv,11,27,,0.82,0.18,0.16,8,2,16
04M224,Econ Disadv,46,48,,Not Econ Disadv,8,75,,0.85,0.15,0.52,9,5,52
04M372,Econ Disadv,55,20,,Not Econ Disadv,7,14,,0.89,0.11,0.19,9,2,19
04M377,Econ Disadv,44,0,,Not Econ Disadv,2,0,,0.96,0.04,0,10,0,0
04M610,Econ Disadv,44,0,,Not Econ Disadv,4,0,,0.92,0.08,0,9,0,0
04M825,Econ Disadv,60,35,,Not Econ Disadv,13,23,,0.82,0.18,0.33,8,3,33
04M964,Econ Disadv,30,27,,Not Econ Disadv,10,60,,0.75,0.25,0.35,8,4,35
05M046,Econ Disadv,52,0,,Not Econ Disadv,5,0,,0.91,0.09,0,9,0,0
05M123,Econ Disadv,57,0,,Not Econ Disadv,4,0,,0.93,0.07,0,9,0,0
05M129,Econ Disadv,56,0,,Not Econ Disadv,4,0,,0.93,0.07,0,9,0,0
05M148,Econ Disadv,31,6,,Not Econ Disadv,14,7,,0.69,0.31,0.06,7,1,6
05M161,Econ Disadv,99,21,,Not Econ Disadv,10,30,,0.91,0.09,0.22,9,2,22
05M286,Econ Disadv,37,0,,Not Econ Disadv,5,0,,0.88,0.12,0,9,0,0
05M362,Econ Disadv,40,88,,Not Econ Disadv,44,100,,0.48,0.52,0.94,5,9,94
05M499,Econ Disadv,80,13,,Not Econ Disadv,11,18,,0.88,0.12,0.14,9,1,14
05M514,Econ Disadv,25,0,,Not Econ Disadv,2,0,,0.93,0.07,0,9,0,0
05M517,Econ Disadv,14,43,,Not Econ Disadv,6,50,,0.7,0.3,0.45,7,5,45
05M670,Econ Disadv,39,23,,Not Econ Disadv,14,21,,0.74,0.26,0.22,7,2,22
06M018,Econ Disadv,37,0,,Not Econ Disadv,3,0,,0.93,0.08,0,9,0,0
06M052,Econ Disadv,63,0,,Not Econ Disadv,4,0,,0.94,0.06,0,9,0,0
06M143,Econ Disadv,66,21,,Not Econ Disadv,6,0,,0.92,0.08,0.19,9,2,19
06M187,Econ Disadv,40,55,,Not Econ Disadv,40,88,,0.5,0.5,0.72,5,7,72
06M209,Econ Disadv,77,0,,Not Econ Disadv,5,0,,0.94,0.06,0,9,0,0
06M210,Econ Disadv,36,0,,Not Econ Disadv,2,0,,0.95,0.05,0,9,0,0
06M223,Econ Disadv,66,71,,Not Econ Disadv,25,72,,0.73,0.27,0.71,7,7,71
06M278,Econ Disadv,49,41,,Not Econ Disadv,21,57,,0.7,0.3,0.46,7,5,46
06M293,Econ Disadv,74,41,,Not Econ Disadv,15,60,,0.83,0.17,0.44,8,4,44
06M311,Econ Disadv,40,58,,Not Econ Disadv,8,100,,0.83,0.17,0.65,8,7,65
06M319,Econ Disadv,113,0,,Not Econ Disadv,4,0,,0.97,0.03,0,10,0,0
06M322,Econ Disadv,116,17,,Not Econ Disadv,6,33,,0.95,0.05,0.18,10,2,18
06M324,Econ Disadv,96,30,,Not Econ Disadv,7,43,,0.93,0.07,0.31,9,3,31
06M328,Econ Disadv,53,0,,Not Econ Disadv,1,0,,0.98,0.02,0,10,0,0
06M346,Econ Disadv,77,22,,Not Econ Disadv,6,17,,0.93,0.07,0.22,9,2,22
06M348,Econ Disadv,68,21,,Not Econ Disadv,11,36,,0.86,0.14,0.23,9,2,23
06M349,Econ Disadv,27,0,,Not Econ Disadv,1,0,,0.96,0.04,0,10,0,0
06M366,Econ Disadv,52,58,,Not Econ Disadv,8,63,,0.87,0.13,0.59,9,6,59
06M528,Econ Disadv,85,0,,Not Econ Disadv,2,0,,0.98,0.02,0,10,0,0
07X005,Econ Disadv,72,0,,Not Econ Disadv,4,0,,0.95,0.05,0,9,0,0
07X029,Econ Disadv,80,21,,Not Econ Disadv,8,0,,0.91,0.09,0.19,9,2,19
07X031,Econ Disadv,58,21,,Not Econ Disadv,11,36,,0.84,0.16,0.23,8,2,23
07X151,Econ Disadv,70,0,,Not Econ Disadv,1,0,,0.99,0.01,0,10,0,0
07X221,Econ Disadv,75,0,,Not Econ Disadv,3,0,,0.96,0.04,0,10,0,0
07X223,Econ Disadv,78,0,,Not Econ Disadv,4,0,,0.95,0.05,0,10,0,0
07X224,Econ Disadv,80,0,,Not Econ Disadv,1,0,,0.99,0.01,0,10,0,0
07X296,Econ Disadv,50,0,,Not Econ Disadv,2,0,,0.96,0.04,0,10,0,0
07X298,Econ Disadv,67,3,,Not Econ Disadv,8,25,,0.89,0.11,0.05,9,1,5
07X343,Econ Disadv,98,0,,Not Econ Disadv,2,0,,0.98,0.02,0,10,0,0
07X500,Econ Disadv,37,57,,Not Econ Disadv,9,44,,0.8,0.2,0.54,8,5,54
07X551,Econ Disadv,74,0,,Not Econ Disadv,3,0,,0.96,0.04,0,10,0,0
07X584,Econ Disadv,65,0,,Not Econ Disadv,3,0,,0.96,0.04,0,10,0,0
08X071,Econ Disadv,137,39,,Not Econ Disadv,44,43,,0.76,0.24,0.4,8,4,40
08X101,Econ Disadv,147,56,,Not Econ Disadv,36,58,,0.8,0.2,0.56,8,6,56
08X123,Econ Disadv,97,18,,Not Econ Disadv,12,25,,0.89,0.11,0.19,9,2,19
08X131,Econ Disadv,114,19,,Not Econ Disadv,14,21,,0.89,0.11,0.19,9,2,19
08X269,Econ Disadv,80,19,,Not Econ Disadv,10,10,,0.89,0.11,0.18,9,2,18
08X301,Econ Disadv,62,0,,Not Econ Disadv,2,0,,0.97,0.03,0,10,0,0
08X302,Econ Disadv,154,0,,Not Econ Disadv,4,0,,0.97,0.03,0,10,0,0
08X337,Econ Disadv,122,39,,Not Econ Disadv,33,48,,0.79,0.21,0.41,8,4,41
08X367,Econ Disadv,78,29,,Not Econ Disadv,14,50,,0.85,0.15,0.32,8,3,32
08X371,Econ Disadv,84,39,,Not Econ Disadv,28,43,,0.75,0.25,0.4,8,4,40
08X375,Econ Disadv,64,0,,Not Econ Disadv,2,0,,0.97,0.03,0,10,0,0
08X376,Econ Disadv,49,0,,Not Econ Disadv,3,0,,0.94,0.06,0,9,0,0
08X424,Econ Disadv,75,21,,Not Econ Disadv,8,0,,0.9,0.1,0.19,9,2,19
08X448,Econ Disadv,98,21,,Not Econ Disadv,20,20,,0.83,0.17,0.21,8,2,21
08X467,Econ Disadv,87,14,,Not Econ Disadv,15,20,,0.85,0.15,0.15,9,1,15
08X562,Econ Disadv,198,24,,Not Econ Disadv,28,46,,0.88,0.12,0.27,9,3,27
09X004,Econ Disadv,41,17,,Not Econ Disadv,6,50,,0.87,0.13,0.21,9,2,21
09X022,Econ Disadv,125,0,,Not Econ Disadv,2,0,,0.98,0.02,0,10,0,0
09X117,Econ Disadv,130,8,,Not Econ Disadv,8,38,,0.94,0.06,0.1,9,1,10
09X128,Econ Disadv,106,60,,Not Econ Disadv,6,83,,0.95,0.05,0.61,9,6,61
09X215,Econ Disadv,110,35,,Not Econ Disadv,13,38,,0.89,0.11,0.35,9,4,35
09X218,Econ Disadv,96,35,,Not Econ Disadv,16,31,,0.86,0.14,0.34,9,3,34
09X219,Econ Disadv,94,6,,Not Econ Disadv,7,0,,0.93,0.07,0.06,9,1,6
09X229,Econ Disadv,71,0,,Not Econ Disadv,5,0,,0.93,0.07,0,9,0,0
09X231,Econ Disadv,48,19,,Not Econ Disadv,15,7,,0.76,0.24,0.16,8,2,16
09X232,Econ Disadv,153,0,,Not Econ Disadv,4,0,,0.97,0.03,0,10,0,0
09X241,Econ Disadv,74,0,,Not Econ Disadv,4,0,,0.95,0.05,0,9,0,0
09X303,Econ Disadv,93,0,,Not Econ Disadv,1,0,,0.99,0.01,0,10,0,0
09X313,Econ Disadv,76,0,,Not Econ Disadv,5,0,,0.94,0.06,0,9,0,0
09X323,Econ Disadv,103,18,,Not Econ Disadv,9,33,,0.92,0.08,0.19,9,2,19
09X324,Econ Disadv,54,0,,Not Econ Disadv,4,0,,0.93,0.07,0,9,0,0
09X327,Econ Disadv,94,39,,Not Econ Disadv,7,29,,0.93,0.07,0.38,9,4,38
09X328,Econ Disadv,73,12,,Not Econ Disadv,12,17,,0.86,0.14,0.13,9,1,13
09X339,Econ Disadv,139,14,,Not Econ Disadv,13,15,,0.91,0.09,0.14,9,1,14
09X350,Econ Disadv,16,0,,Not Econ Disadv,1,0,,0.94,0.06,0,9,0,0
09X361,Econ Disadv,119,0,,Not Econ Disadv,5,0,,0.96,0.04,0,10,0,0
09X413,Econ Disadv,43,30,,Not Econ Disadv,10,40,,0.81,0.19,0.32,8,3,32
09X454,Econ Disadv,126,52,,Not Econ Disadv,10,60,,0.93,0.07,0.53,9,5,53
09X505,Econ Disadv,72,51,,Not Econ Disadv,12,58,,0.86,0.14,0.52,9,5,52
09X568,Econ Disadv,65,46,,Not Econ Disadv,17,65,,0.79,0.21,0.5,8,5,50
09X594,Econ Disadv,61,0,,Not Econ Disadv,4,0,,0.94,0.06,0,9,0,0
10X003,Econ Disadv,22,0,,Not Econ Disadv,1,0,,0.96,0.04,0,10,0,0
10X015,Econ Disadv,44,48,,Not Econ Disadv,12,67,,0.79,0.21,0.52,8,5,52
10X020,Econ Disadv,107,0,,Not Econ Disadv,4,0,,0.96,0.04,0,10,0,0
10X037,Econ Disadv,43,23,,Not Econ Disadv,13,54,,0.77,0.23,0.3,8,3,30
10X045,Econ Disadv,201,24,,Not Econ Disadv,10,40,,0.95,0.05,0.25,10,2,25
10X080,Econ Disadv,186,27,,Not Econ Disadv,19,21,,0.91,0.09,0.26,9,3,26
10X095,Econ Disadv,125,26,,Not Econ Disadv,29,59,,0.81,0.19,0.32,8,3,32
10X118,Econ Disadv,319,40,,Not Econ Disadv,33,70,,0.91,0.09,0.43,9,4,43
10X141,Econ Disadv,110,27,,Not Econ Disadv,127,61,,0.46,0.54,0.45,5,5,45
10X206,Econ Disadv,56,0,,Not Econ Disadv,3,0,,0.95,0.05,0,9,0,0
10X225,Econ Disadv,47,26,,Not Econ Disadv,11,9,,0.81,0.19,0.23,8,2,23
10X228,Econ Disadv,80,65,,Not Econ Disadv,9,67,,0.9,0.1,0.65,9,7,65
10X243,Econ Disadv,90,36,,Not Econ Disadv,6,17,,0.94,0.06,0.35,9,3,35
10X244,Econ Disadv,247,0,,Not Econ Disadv,2,0,,0.99,0.01,0,10,0,0
10X254,Econ Disadv,144,19,,Not Econ Disadv,15,13,,0.91,0.09,0.18,9,2,18
10X279,Econ Disadv,114,0,,Not Econ Disadv,3,0,,0.97,0.03,0,10,0,0
10X280,Econ Disadv,94,0,,Not Econ Disadv,3,0,,0.97,0.03,0,10,0,0
10X308,Econ Disadv,84,0,,Not Econ Disadv,4,0,,0.95,0.05,0,10,0,0
10X315,Econ Disadv,27,59,,Not Econ Disadv,0,0,,1,0,0.59,10,6,59
10X331,Econ Disadv,108,28,,Not Econ Disadv,15,20,,0.88,0.12,0.27,9,3,27
10X342,Econ Disadv,49,12,,Not Econ Disadv,0,0,,1,0,0.12,10,1,12
10X363,Econ Disadv,177,15,,Not Econ Disadv,14,7,,0.93,0.07,0.14,9,1,14
10X368,Econ Disadv,134,29,,Not Econ Disadv,16,38,,0.89,0.11,0.3,9,3,30
10X390,Econ Disadv,173,0,,Not Econ Disadv,1,0,,0.99,0.01,0,10,0,0
10X391,Econ Disadv,141,10,,Not Econ Disadv,9,11,,0.94,0.06,0.1,9,1,10
10X447,Econ Disadv,145,0,,Not Econ Disadv,4,0,,0.97,0.03,0,10,0,0
10X459,Econ Disadv,88,13,,Not Econ Disadv,14,14,,0.86,0.14,0.13,9,1,13
11X019,Econ Disadv,35,37,,Not Econ Disadv,26,62,,0.57,0.43,0.48,6,5,48
11X083,Econ Disadv,134,36,,Not Econ Disadv,71,49,,0.65,0.35,0.41,7,4,41
11X089,Econ Disadv,133,20,,Not Econ Disadv,41,20,,0.76,0.24,0.2,8,2,20
11X127,Econ Disadv,174,37,,Not Econ Disadv,51,43,,0.77,0.23,0.38,8,4,38
11X144,Econ Disadv,105,26,,Not Econ Disadv,35,29,,0.75,0.25,0.27,8,3,27
11X175,Econ Disadv,16,31,,Not Econ Disadv,10,40,,0.62,0.38,0.34,6,3,34
11X180,Econ Disadv,217,37,,Not Econ Disadv,116,53,,0.65,0.35,0.43,7,4,43
11X181,Econ Disadv,211,45,,Not Econ Disadv,58,55,,0.78,0.22,0.47,8,5,47
11X194,Econ Disadv,145,34,,Not Econ Disadv,39,62,,0.79,0.21,0.4,8,4,40
11X287,Econ Disadv,155,15,,Not Econ Disadv,24,13,,0.87,0.13,0.15,9,1,15
11X326,Econ Disadv,104,30,,Not Econ Disadv,13,46,,0.89,0.11,0.32,9,3,32
11X355,Econ Disadv,79,10,,Not Econ Disadv,15,13,,0.84,0.16,0.1,8,1,10
11X370,Econ Disadv,108,18,,Not Econ Disadv,16,13,,0.87,0.13,0.17,9,2,17
11X462,Econ Disadv,62,34,,Not Econ Disadv,19,37,,0.77,0.23,0.35,8,3,35
11X468,Econ Disadv,100,35,,Not Econ Disadv,10,50,,0.91,0.09,0.36,9,4,36
11X498,Econ Disadv,72,53,,Not Econ Disadv,13,38,,0.85,0.15,0.51,8,5,51
11X529,Econ Disadv,90,32,,Not Econ Disadv,14,57,,0.87,0.13,0.35,9,4,35
11X532,Econ Disadv,78,22,,Not Econ Disadv,14,14,,0.85,0.15,0.21,8,2,21
11X556,Econ Disadv,94,32,,Not Econ Disadv,10,60,,0.9,0.1,0.35,9,3,35
11X566,Econ Disadv,108,25,,Not Econ Disadv,41,29,,0.72,0.28,0.26,7,3,26
12X098,Econ Disadv,77,0,,Not Econ Disadv,3,0,,0.96,0.04,0,10,0,0
12X129,Econ Disadv,140,21,,Not Econ Disadv,13,31,,0.92,0.08,0.22,9,2,22
12X190,Econ Disadv,79,0,,Not Econ Disadv,5,0,,0.94,0.06,0,9,0,0
12X211,Econ Disadv,45,11,,Not Econ Disadv,6,50,,0.88,0.12,0.16,9,2,16
12X214,Econ Disadv,125,18,,Not Econ Disadv,16,25,,0.89,0.11,0.19,9,2,19
12X217,Econ Disadv,78,12,,Not Econ Disadv,7,0,,0.92,0.08,0.11,9,1,11
12X242,Econ Disadv,84,26,,Not Econ Disadv,10,50,,0.89,0.11,0.29,9,3,29
12X267,Econ Disadv,74,0,,Not Econ Disadv,1,0,,0.99,0.01,0,10,0,0
12X271,Econ Disadv,80,0,,Not Econ Disadv,2,0,,0.98,0.02,0,10,0,0
12X273,Econ Disadv,49,20,,Not Econ Disadv,11,27,,0.82,0.18,0.21,8,2,21
12X286,Econ Disadv,70,16,,Not Econ Disadv,12,33,,0.85,0.15,0.18,9,2,18
12X316,Econ Disadv,115,27,,Not Econ Disadv,8,25,,0.93,0.07,0.27,9,3,27
12X318,Econ Disadv,66,0,,Not Econ Disadv,4,0,,0.94,0.06,0,9,0,0
12X341,Econ Disadv,126,0,,Not Econ Disadv,5,0,,0.96,0.04,0,10,0,0
12X383,Econ Disadv,76,25,,Not Econ Disadv,10,50,,0.88,0.12,0.28,9,3,28
13K008,Econ Disadv,33,33,,Not Econ Disadv,28,79,,0.54,0.46,0.54,5,5,54
13K113,Econ Disadv,90,18,,Not Econ Disadv,8,38,,0.92,0.08,0.2,9,2,20
13K265,Econ Disadv,27,0,,Not Econ Disadv,2,0,,0.93,0.07,0,9,0,0
13K266,Econ Disadv,22,36,,Not Econ Disadv,6,33,,0.79,0.21,0.35,8,4,35
13K282,Econ Disadv,31,32,,Not Econ Disadv,15,67,,0.67,0.33,0.43,7,4,43
13K301,Econ Disadv,23,0,,Not Econ Disadv,4,0,,0.85,0.15,0,9,0,0
13K313,Econ Disadv,53,70,,Not Econ Disadv,28,82,,0.65,0.35,0.74,7,7,74
13K351,Econ Disadv,36,25,,Not Econ Disadv,7,29,,0.84,0.16,0.26,8,3,26
13K492,Econ Disadv,10,70,,Not Econ Disadv,41,88,,0.2,0.8,0.84,2,8,84
13K527,Econ Disadv,50,38,,Not Econ Disadv,10,70,,0.83,0.17,0.43,8,4,43
13K691,Econ Disadv,64,0,,Not Econ Disadv,5,0,,0.93,0.07,0,9,0,0
14K050,Econ Disadv,69,0,,Not Econ Disadv,5,0,,0.93,0.07,0,9,0,0
14K071,Econ Disadv,37,22,,Not Econ Disadv,7,57,,0.84,0.16,0.28,8,3,28
14K084,Econ Disadv,40,13,,Not Econ Disadv,14,36,,0.74,0.26,0.19,7,2,19
14K126,Econ Disadv,99,22,,Not Econ Disadv,16,31,,0.86,0.14,0.23,9,2,23
14K157,Econ Disadv,54,35,,Not Econ Disadv,6,0,,0.9,0.1,0.32,9,3,32
14K318,Econ Disadv,249,34,,Not Econ Disadv,122,65,,0.67,0.33,0.44,7,4,44
14K577,Econ Disadv,81,58,,Not Econ Disadv,63,70,,0.56,0.44,0.63,6,6,63
14K582,Econ Disadv,63,29,,Not Econ Disadv,11,45,,0.85,0.15,0.31,9,3,31
14K586,Econ Disadv,35,0,,Not Econ Disadv,2,0,,0.95,0.05,0,9,0,0
14K614,Econ Disadv,32,38,,Not Econ Disadv,6,33,,0.84,0.16,0.37,8,4,37
15K051,Econ Disadv,112,68,,Not Econ Disadv,238,94,,0.32,0.68,0.86,3,9,86
15K088,Econ Disadv,306,44,,Not Econ Disadv,77,64,,0.8,0.2,0.48,8,5,48
15K136,Econ Disadv,134,25,,Not Econ Disadv,10,40,,0.93,0.07,0.26,9,3,26
15K442,Econ Disadv,21,57,,Not Econ Disadv,43,72,,0.33,0.67,0.67,3,7,67
15K443,Econ Disadv,55,80,,Not Econ Disadv,116,91,,0.32,0.68,0.87,3,9,87
15K447,Econ Disadv,42,62,,Not Econ Disadv,110,87,,0.28,0.72,0.8,3,8,80
15K448,Econ Disadv,13,15,,Not Econ Disadv,10,40,,0.57,0.43,0.26,6,3,26
15K464,Econ Disadv,31,26,,Not Econ Disadv,31,58,,0.5,0.5,0.42,5,4,42
15K497,Econ Disadv,42,62,,Not Econ Disadv,100,78,,0.3,0.7,0.73,3,7,73
15K821,Econ Disadv,160,41,,Not Econ Disadv,10,50,,0.94,0.06,0.42,9,4,42
15K839,Econ Disadv,29,48,,Not Econ Disadv,27,63,,0.52,0.48,0.55,5,6,55
16K035,Econ Disadv,59,32,,Not Econ Disadv,9,44,,0.87,0.13,0.34,9,3,34
16K057,Econ Disadv,44,0,,Not Econ Disadv,4,0,,0.92,0.08,0,9,0,0
16K267,Econ Disadv,52,29,,Not Econ Disadv,7,71,,0.88,0.12,0.34,9,3,34
16K308,Econ Disadv,20,0,,Not Econ Disadv,1,0,,0.95,0.05,0,10,0,0
16K681,Econ Disadv,52,29,,Not Econ Disadv,6,50,,0.9,0.1,0.31,9,3,31
17K002,Econ Disadv,141,31,,Not Econ Disadv,13,46,,0.92,0.08,0.32,9,3,32
17K061,Econ Disadv,123,27,,Not Econ Disadv,44,27,,0.74,0.26,0.27,7,3,27
17K138,Econ Disadv,52,37,,Not Econ Disadv,11,45,,0.83,0.17,0.38,8,4,38
17K181,Econ Disadv,56,14,,Not Econ Disadv,18,33,,0.76,0.24,0.19,8,2,19
17K189,Econ Disadv,95,41,,Not Econ Disadv,13,31,,0.88,0.12,0.4,9,4,40
17K246,Econ Disadv,110,27,,Not Econ Disadv,21,38,,0.84,0.16,0.29,8,3,29
17K340,Econ Disadv,37,49,,Not Econ Disadv,11,64,,0.77,0.23,0.52,8,5,52
17K352,Econ Disadv,34,0,,Not Econ Disadv,2,0,,0.94,0.06,0,9,0,0
17K353,Econ Disadv,42,24,,Not Econ Disadv,8,25,,0.84,0.16,0.24,8,2,24
17K354,Econ Disadv,96,64,,Not Econ Disadv,25,64,,0.79,0.21,0.64,8,6,64
17K382,Econ Disadv,34,0,,Not Econ Disadv,5,0,,0.87,0.13,0,9,0,0
17K394,Econ Disadv,37,0,,Not Econ Disadv,5,0,,0.88,0.12,0,9,0,0
17K484,Econ Disadv,33,30,,Not Econ Disadv,7,43,,0.83,0.18,0.32,8,3,32
17K543,Econ Disadv,44,68,,Not Econ Disadv,16,94,,0.73,0.27,0.75,7,7,75
17K590,Econ Disadv,96,72,,Not Econ Disadv,46,80,,0.68,0.32,0.75,7,7,75
17K722,Econ Disadv,71,23,,Not Econ Disadv,22,32,,0.76,0.24,0.25,8,3,25
18K066,Econ Disadv,61,8,,Not Econ Disadv,52,23,,0.54,0.46,0.15,5,1,15
18K068,Econ Disadv,54,19,,Not Econ Disadv,21,29,,0.72,0.28,0.22,7,2,22
18K211,Econ Disadv,98,21,,Not Econ Disadv,21,33,,0.82,0.18,0.23,8,2,23
18K235,Econ Disadv,70,84,,Not Econ Disadv,48,96,,0.59,0.41,0.89,6,9,89
18K285,Econ Disadv,154,27,,Not Econ Disadv,49,35,,0.76,0.24,0.29,8,3,29
18K366,Econ Disadv,112,32,,Not Econ Disadv,23,30,,0.83,0.17,0.32,8,3,32
18K581,Econ Disadv,57,14,,Not Econ Disadv,11,18,,0.84,0.16,0.15,8,1,15
18K588,Econ Disadv,45,29,,Not Econ Disadv,9,33,,0.83,0.17,0.3,8,3,30
18K763,Econ Disadv,84,19,,Not Econ Disadv,21,29,,0.8,0.2,0.21,8,2,21
19K089,Econ Disadv,55,0,,Not Econ Disadv,2,0,,0.96,0.04,0,10,0,0
19K171,Econ Disadv,127,13,,Not Econ Disadv,10,50,,0.93,0.07,0.16,9,2,16
19K218,Econ Disadv,128,0,,Not Econ Disadv,1,0,,0.99,0.01,0,10,0,0
19K292,Econ Disadv,163,26,,Not Econ Disadv,7,14,,0.96,0.04,0.26,10,3,26
19K364,Econ Disadv,96,24,,Not Econ Disadv,22,36,,0.81,0.19,0.26,8,3,26
19K404,Econ Disadv,49,27,,Not Econ Disadv,10,40,,0.83,0.17,0.29,8,3,29
19K409,Econ Disadv,53,53,,Not Econ Disadv,11,55,,0.83,0.17,0.53,8,5,53
19K422,Econ Disadv,58,19,,Not Econ Disadv,10,20,,0.85,0.15,0.19,9,2,19
19K452,Econ Disadv,93,33,,Not Econ Disadv,11,45,,0.89,0.11,0.34,9,3,34
19K654,Econ Disadv,92,21,,Not Econ Disadv,8,13,,0.92,0.08,0.2,9,2,20
19K661,Econ Disadv,142,0,,Not Econ Disadv,5,0,,0.97,0.03,0,10,0,0
19K662,Econ Disadv,145,32,,Not Econ Disadv,6,33,,0.96,0.04,0.32,10,3,32
19K663,Econ Disadv,58,21,,Not Econ Disadv,6,0,,0.91,0.09,0.19,9,2,19
19K678,Econ Disadv,77,12,,Not Econ Disadv,7,0,,0.92,0.08,0.11,9,1,11
19K760,Econ Disadv,115,26,,Not Econ Disadv,7,43,,0.94,0.06,0.27,9,3,27
20K030,Econ Disadv,111,48,,Not Econ Disadv,18,67,,0.86,0.14,0.51,9,5,51
20K062,Econ Disadv,275,41,,Not Econ Disadv,39,54,,0.88,0.12,0.43,9,4,43
20K104,Econ Disadv,114,52,,Not Econ Disadv,45,60,,0.72,0.28,0.54,7,5,54
20K163,Econ Disadv,66,45,,Not Econ Disadv,7,57,,0.9,0.1,0.46,9,5,46
20K180,Econ Disadv,129,57,,Not Econ Disadv,19,79,,0.87,0.13,0.6,9,6,60
20K187,Econ Disadv,191,95,,Not Econ Disadv,119,98,,0.62,0.38,0.96,6,10,96
20K192,Econ Disadv,44,45,,Not Econ Disadv,11,36,,0.8,0.2,0.43,8,4,43
20K201,Econ Disadv,386,68,,Not Econ Disadv,156,87,,0.71,0.29,0.73,7,7,73
20K220,Econ Disadv,393,38,,Not Econ Disadv,53,51,,0.88,0.12,0.4,9,4,40
20K223,Econ Disadv,247,47,,Not Econ Disadv,8,75,,0.97,0.03,0.48,10,5,48
20K227,Econ Disadv,512,40,,Not Econ Disadv,47,55,,0.92,0.08,0.41,9,4,41
20K229,Econ Disadv,71,51,,Not Econ Disadv,53,70,,0.57,0.43,0.59,6,6,59
20K259,Econ Disadv,496,58,,Not Econ Disadv,123,75,,0.8,0.2,0.61,8,6,61
20K609,Econ Disadv,56,59,,Not Econ Disadv,7,29,,0.89,0.11,0.56,9,6,56
20K686,Econ Disadv,13,100,,Not Econ Disadv,34,94,,0.28,0.72,0.96,3,10,96
21K095,Econ Disadv,40,48,,Not Econ Disadv,9,56,,0.82,0.18,0.49,8,5,49
21K096,Econ Disadv,172,30,,Not Econ Disadv,48,27,,0.78,0.22,0.29,8,3,29
21K098,Econ Disadv,254,89,,Not Econ Disadv,246,93,,0.51,0.49,0.91,5,9,91
21K099,Econ Disadv,60,40,,Not Econ Disadv,12,75,,0.83,0.17,0.46,8,5,46
21K121,Econ Disadv,22,45,,Not Econ Disadv,9,56,,0.71,0.29,0.48,7,5,48
21K209,Econ Disadv,49,51,,Not Econ Disadv,11,73,,0.82,0.18,0.55,8,6,55
21K225,Econ Disadv,84,24,,Not Econ Disadv,30,30,,0.74,0.26,0.26,7,3,26
21K226,Econ Disadv,85,41,,Not Econ Disadv,30,60,,0.74,0.26,0.46,7,5,46
21K228,Econ Disadv,339,55,,Not Econ Disadv,114,74,,0.75,0.25,0.6,7,6,60
21K238,Econ Disadv,46,30,,Not Econ Disadv,8,50,,0.85,0.15,0.33,9,3,33
21K239,Econ Disadv,154,82,,Not Econ Disadv,244,94,,0.39,0.61,0.89,4,9,89
21K281,Econ Disadv,338,44,,Not Econ Disadv,62,68,,0.85,0.16,0.48,8,5,48
21K288,Econ Disadv,42,0,,Not Econ Disadv,3,0,,0.93,0.07,0,9,0,0
21K303,Econ Disadv,127,32,,Not Econ Disadv,42,50,,0.75,0.25,0.36,8,4,36
21K468,Econ Disadv,68,32,,Not Econ Disadv,10,60,,0.87,0.13,0.36,9,4,36
21K690,Econ Disadv,78,40,,Not Econ Disadv,11,27,,0.88,0.12,0.38,9,4,38
22K014,Econ Disadv,138,28,,Not Econ Disadv,15,60,,0.9,0.1,0.31,9,3,31
22K078,Econ Disadv,138,25,,Not Econ Disadv,47,43,,0.75,0.25,0.3,7,3,30
22K109,Econ Disadv,55,31,,Not Econ Disadv,6,83,,0.9,0.1,0.36,9,4,36
22K206,Econ Disadv,110,51,,Not Econ Disadv,30,70,,0.79,0.21,0.55,8,6,55
22K207,Econ Disadv,57,54,,Not Econ Disadv,62,71,,0.48,0.52,0.63,5,6,63
22K234,Econ Disadv,399,53,,Not Econ Disadv,130,72,,0.75,0.25,0.58,8,6,58
22K240,Econ Disadv,180,20,,Not Econ Disadv,42,36,,0.81,0.19,0.23,8,2,23
22K278,Econ Disadv,263,41,,Not Econ Disadv,101,58,,0.72,0.28,0.46,7,5,46
22K381,Econ Disadv,51,33,,Not Econ Disadv,11,45,,0.82,0.18,0.35,8,4,35
22K890,Econ Disadv,83,53,,Not Econ Disadv,19,53,,0.81,0.19,0.53,8,5,53
23K041,Econ Disadv,42,0,,Not Econ Disadv,3,0,,0.93,0.07,0,9,0,0
23K137,Econ Disadv,19,0,,Not Econ Disadv,4,0,,0.83,0.17,0,8,0,0
23K155,Econ Disadv,35,14,,Not Econ Disadv,0,0,,1,0,0.14,10,1,14
23K178,Econ Disadv,25,0,,Not Econ Disadv,5,0,,0.83,0.17,0,8,0,0
23K184,Econ Disadv,36,14,,Not Econ Disadv,0,0,,1,0,0.14,10,1,14
23K323,Econ Disadv,67,0,,Not Econ Disadv,2,0,,0.97,0.03,0,10,0,0
23K363,Econ Disadv,75,0,,Not Econ Disadv,2,0,,0.97,0.03,0,10,0,0
23K392,Econ Disadv,82,51,,Not Econ Disadv,13,77,,0.86,0.14,0.55,9,5,55
23K518,Econ Disadv,49,27,,Not Econ Disadv,6,17,,0.89,0.11,0.26,9,3,26
23K522,Econ Disadv,33,0,,Not Econ Disadv,5,0,,0.87,0.13,0,9,0,0
23K644,Econ Disadv,52,17,,Not Econ Disadv,14,7,,0.79,0.21,0.15,8,1,15
23K664,Econ Disadv,22,0,,Not Econ Disadv,4,0,,0.85,0.15,0,8,0,0
23K668,Econ Disadv,39,26,,Not Econ Disadv,0,0,,1,0,0.26,10,3,26
23K671,Econ Disadv,58,0,,Not Econ Disadv,3,0,,0.95,0.05,0,10,0,0
24Q005,Econ Disadv,424,51,,Not Econ Disadv,118,58,,0.78,0.22,0.53,8,5,53
24Q049,Econ Disadv,76,61,,Not Econ Disadv,52,60,,0.59,0.41,0.61,6,6,61
24Q061,Econ Disadv,677,24,,Not Econ Disadv,60,33,,0.92,0.08,0.25,9,2,25
24Q073,Econ Disadv,420,46,,Not Econ Disadv,242,66,,0.63,0.37,0.53,6,5,53
24Q077,Econ Disadv,257,25,,Not Econ Disadv,30,37,,0.9,0.1,0.26,9,3,26
24Q087,Econ Disadv,33,48,,Not Econ Disadv,15,40,,0.69,0.31,0.46,7,5,46
24Q093,Econ Disadv,315,37,,Not Econ Disadv,40,55,,0.89,0.11,0.39,9,4,39
24Q102,Econ Disadv,120,56,,Not Econ Disadv,19,63,,0.86,0.14,0.57,9,6,57
24Q113,Econ Disadv,42,45,,Not Econ Disadv,56,68,,0.43,0.57,0.58,4,6,58
24Q119,Econ Disadv,168,48,,Not Econ Disadv,46,72,,0.79,0.21,0.53,8,5,53
24Q125,Econ Disadv,387,46,,Not Econ Disadv,118,59,,0.77,0.23,0.49,8,5,49
24Q128,Econ Disadv,23,52,,Not Econ Disadv,102,75,,0.18,0.82,0.71,2,7,71
24Q311,Econ Disadv,291,21,,Not Econ Disadv,12,42,,0.96,0.04,0.22,10,2,22
24Q560,Econ Disadv,26,88,,Not Econ Disadv,24,88,,0.52,0.48,0.88,5,9,88
25Q025,Econ Disadv,204,58,,Not Econ Disadv,132,73,,0.61,0.39,0.64,6,6,64
25Q164,Econ Disadv,68,57,,Not Econ Disadv,20,55,,0.77,0.23,0.57,8,6,57
25Q185,Econ Disadv,363,53,,Not Econ Disadv,108,66,,0.77,0.23,0.56,8,6,56
25Q189,Econ Disadv,190,38,,Not Econ Disadv,58,52,,0.77,0.23,0.41,8,4,41
25Q194,Econ Disadv,231,52,,Not Econ Disadv,172,64,,0.57,0.43,0.57,6,6,57
25Q200,Econ Disadv,44,52,,Not Econ Disadv,13,69,,0.77,0.23,0.56,8,6,56
25Q219,Econ Disadv,52,54,,Not Econ Disadv,16,50,,0.76,0.24,0.53,8,5,53
25Q237,Econ Disadv,331,47,,Not Econ Disadv,77,62,,0.81,0.19,0.5,8,5,50
25Q250,Econ Disadv,100,32,,Not Econ Disadv,18,50,,0.85,0.15,0.35,8,3,35
25Q252,Econ Disadv,51,53,,Not Econ Disadv,27,56,,0.65,0.35,0.54,7,5,54
25Q281,Econ Disadv,73,66,,Not Econ Disadv,11,64,,0.87,0.13,0.66,9,7,66
25Q285,Econ Disadv,51,53,,Not Econ Disadv,30,77,,0.63,0.37,0.62,6,6,62
25Q294,Econ Disadv,54,67,,Not Econ Disadv,69,65,,0.44,0.56,0.66,4,7,66
25Q499,Econ Disadv,26,88,,Not Econ Disadv,27,100,,0.49,0.51,0.94,5,9,94
26Q067,Econ Disadv,125,66,,Not Econ Disadv,177,83,,0.41,0.59,0.76,4,8,76
26Q074,Econ Disadv,149,70,,Not Econ Disadv,194,86,,0.43,0.57,0.79,4,8,79
26Q158,Econ Disadv,183,57,,Not Econ Disadv,143,66,,0.56,0.44,0.61,6,6,61
26Q172,Econ Disadv,181,54,,Not Econ Disadv,118,78,,0.61,0.39,0.63,6,6,63
26Q178,Econ Disadv,19,58,,Not Econ Disadv,34,59,,0.36,0.64,0.59,4,6,59
26Q216,Econ Disadv,331,68,,Not Econ Disadv,143,83,,0.7,0.3,0.73,7,7,73
26Q266,Econ Disadv,31,48,,Not Econ Disadv,37,65,,0.46,0.54,0.57,5,6,57
27Q042,Econ Disadv,45,0,,Not Econ Disadv,2,0,,0.96,0.04,0,10,0,0
27Q043,Econ Disadv,73,0,,Not Econ Disadv,3,0,,0.96,0.04,0,10,0,0
27Q047,Econ Disadv,6,50,,Not Econ Disadv,10,50,,0.38,0.63,0.5,4,5,50
27Q053,Econ Disadv,70,7,,Not Econ Disadv,7,0,,0.91,0.09,0.06,9,1,6
27Q105,Econ Disadv,63,13,,Not Econ Disadv,12,25,,0.84,0.16,0.15,8,1,15
27Q114,Econ Disadv,6,67,,Not Econ Disadv,22,55,,0.21,0.79,0.58,2,6,58
27Q124,Econ Disadv,89,52,,Not Econ Disadv,65,42,,0.58,0.42,0.48,6,5,48
27Q137,Econ Disadv,509,43,,Not Econ Disadv,91,58,,0.85,0.15,0.45,8,5,45
27Q146,Econ Disadv,32,63,,Not Econ Disadv,38,66,,0.46,0.54,0.65,5,6,65
27Q183,Econ Disadv,41,0,,Not Econ Disadv,4,0,,0.91,0.09,0,9,0,0
27Q202,Econ Disadv,280,44,,Not Econ Disadv,91,45,,0.75,0.25,0.44,8,4,44
27Q207,Econ Disadv,18,44,,Not Econ Disadv,27,56,,0.4,0.6,0.51,4,5,51
27Q210,Econ Disadv,476,32,,Not Econ Disadv,106,36,,0.82,0.18,0.33,8,3,33
27Q226,Econ Disadv,252,27,,Not Econ Disadv,35,14,,0.88,0.12,0.25,9,3,25
27Q232,Econ Disadv,52,58,,Not Econ Disadv,47,77,,0.53,0.47,0.67,5,7,67
27Q262,Econ Disadv,97,54,,Not Econ Disadv,34,59,,0.74,0.26,0.55,7,6,55
27Q282,Econ Disadv,74,49,,Not Econ Disadv,14,50,,0.84,0.16,0.49,8,5,49
27Q297,Econ Disadv,109,47,,Not Econ Disadv,10,30,,0.92,0.08,0.46,9,5,46
27Q309,Econ Disadv,67,16,,Not Econ Disadv,8,13,,0.89,0.11,0.16,9,2,16
27Q318,Econ Disadv,67,25,,Not Econ Disadv,9,11,,0.88,0.12,0.23,9,2,23
27Q319,Econ Disadv,96,29,,Not Econ Disadv,19,42,,0.83,0.17,0.31,8,3,31
27Q323,Econ Disadv,101,89,,Not Econ Disadv,125,93,,0.45,0.55,0.91,4,9,91
27Q333,Econ Disadv,19,37,,Not Econ Disadv,11,64,,0.63,0.37,0.47,6,5,47
28Q008,Econ Disadv,99,34,,Not Econ Disadv,15,27,,0.87,0.13,0.33,9,3,33
28Q072,Econ Disadv,69,23,,Not Econ Disadv,20,35,,0.78,0.22,0.26,8,3,26
28Q157,Econ Disadv,255,43,,Not Econ Disadv,259,80,,0.5,0.5,0.62,5,6,62
28Q167,Econ Disadv,80,26,,Not Econ Disadv,33,48,,0.71,0.29,0.32,7,3,32
28Q190,Econ Disadv,146,51,,Not Econ Disadv,223,70,,0.4,0.6,0.62,4,6,62
28Q217,Econ Disadv,377,30,,Not Econ Disadv,155,45,,0.71,0.29,0.34,7,3,34
28Q284,Econ Disadv,66,56,,Not Econ Disadv,28,61,,0.7,0.3,0.57,7,6,57
28Q287,Econ Disadv,86,15,,Not Econ Disadv,11,18,,0.89,0.11,0.15,9,2,15
28Q310,Econ Disadv,74,45,,Not Econ Disadv,8,50,,0.9,0.1,0.45,9,5,45
28Q332,Econ Disadv,48,19,,Not Econ Disadv,33,18,,0.59,0.41,0.19,6,2,19
28Q358,Econ Disadv,98,28,,Not Econ Disadv,22,27,,0.82,0.18,0.28,8,3,28
28Q680,Econ Disadv,53,87,,Not Econ Disadv,37,84,,0.59,0.41,0.86,6,9,86
28Q896,Econ Disadv,54,81,,Not Econ Disadv,23,91,,0.7,0.3,0.84,7,8,84
29Q059,Econ Disadv,126,29,,Not Econ Disadv,58,40,,0.68,0.32,0.32,7,3,32
29Q109,Econ Disadv,249,34,,Not Econ Disadv,126,40,,0.66,0.34,0.36,7,4,36
29Q116,Econ Disadv,47,17,,Not Econ Disadv,17,12,,0.73,0.27,0.16,7,2,16
29Q138,Econ Disadv,76,28,,Not Econ Disadv,36,42,,0.68,0.32,0.33,7,3,33
29Q147,Econ Disadv,47,26,,Not Econ Disadv,27,37,,0.64,0.36,0.3,6,3,30
29Q192,Econ Disadv,123,37,,Not Econ Disadv,50,36,,0.71,0.29,0.37,7,4,37
29Q208,Econ Disadv,36,33,,Not Econ Disadv,52,56,,0.41,0.59,0.47,4,5,47
29Q238,Econ Disadv,334,26,,Not Econ Disadv,70,37,,0.83,0.17,0.28,8,3,28
29Q259,Econ Disadv,66,39,,Not Econ Disadv,9,67,,0.88,0.12,0.42,9,4,42
29Q268,Econ Disadv,31,55,,Not Econ Disadv,25,48,,0.55,0.45,0.52,6,5,52
29Q270,Econ Disadv,84,48,,Not Econ Disadv,37,46,,0.69,0.31,0.47,7,5,47
29Q283,Econ Disadv,46,59,,Not Econ Disadv,9,67,,0.84,0.16,0.6,8,6,60
29Q289,Econ Disadv,28,4,,Not Econ Disadv,17,29,,0.62,0.38,0.13,6,1,13
29Q295,Econ Disadv,39,51,,Not Econ Disadv,17,53,,0.7,0.3,0.52,7,5,52
29Q327,Econ Disadv,43,14,,Not Econ Disadv,10,10,,0.81,0.19,0.13,8,1,13
29Q355,Econ Disadv,80,29,,Not Econ Disadv,17,35,,0.82,0.18,0.3,8,3,30
29Q356,Econ Disadv,88,15,,Not Econ Disadv,27,19,,0.77,0.23,0.16,8,2,16
30Q010,Econ Disadv,197,36,,Not Econ Disadv,58,40,,0.77,0.23,0.37,8,4,37
30Q078,Econ Disadv,18,56,,Not Econ Disadv,25,60,,0.42,0.58,0.58,4,6,58
30Q111,Econ Disadv,23,0,,Not Econ Disadv,3,0,,0.88,0.12,0,9,0,0
30Q122,Econ Disadv,50,98,,Not Econ Disadv,51,98,,0.5,0.5,0.98,5,10,98
30Q126,Econ Disadv,190,34,,Not Econ Disadv,37,70,,0.84,0.16,0.4,8,4,40
30Q127,Econ Disadv,119,39,,Not Econ Disadv,18,56,,0.87,0.13,0.41,9,4,41
30Q141,Econ Disadv,221,59,,Not Econ Disadv,150,67,,0.6,0.4,0.62,6,6,62
30Q145,Econ Disadv,459,35,,Not Econ Disadv,42,52,,0.92,0.08,0.36,9,4,36
30Q204,Econ Disadv,133,43,,Not Econ Disadv,16,31,,0.89,0.11,0.42,9,4,42
30Q227,Econ Disadv,292,63,,Not Econ Disadv,119,87,,0.71,0.29,0.7,7,7,70
30Q230,Econ Disadv,311,51,,Not Econ Disadv,86,62,,0.78,0.22,0.53,8,5,53
30Q235,Econ Disadv,18,0,,Not Econ Disadv,0,0,,1,0,0,10,0,0
30Q286,Econ Disadv,60,65,,Not Econ Disadv,13,62,,0.82,0.18,0.64,8,6,64
30Q291,Econ Disadv,82,51,,Not Econ Disadv,57,68,,0.59,0.41,0.58,6,6,58
30Q300,Econ Disadv,10,90,,Not Econ Disadv,24,100,,0.29,0.71,0.97,3,10,97
30Q580,Econ Disadv,21,100,,Not Econ Disadv,37,100,,0.36,0.64,1,4,10,100
31R002,Econ Disadv,251,35,,Not Econ Disadv,113,53,,0.69,0.31,0.41,7,4,41
31R007,Econ Disadv,150,65,,Not Econ Disadv,234,69,,0.39,0.61,0.67,4,7,67
31R024,Econ Disadv,204,51,,Not Econ Disadv,218,67,,0.48,0.52,0.59,5,6,59
31R027,Econ Disadv,238,44,,Not Econ Disadv,101,71,,0.7,0.3,0.52,7,5,52
31R028,Econ Disadv,57,18,,Not Econ Disadv,15,53,,0.79,0.21,0.25,8,3,25
31R034,Econ Disadv,131,57,,Not Econ Disadv,222,61,,0.37,0.63,0.6,4,6,60
31R048,Econ Disadv,54,39,,Not Econ Disadv,73,62,,0.43,0.57,0.52,4,5,52
31R049,Econ Disadv,145,16,,Not Econ Disadv,8,63,,0.95,0.05,0.18,9,2,18
31R051,Econ Disadv,303,23,,Not Econ Disadv,81,47,,0.79,0.21,0.28,8,3,28
31R061,Econ Disadv,246,25,,Not Econ Disadv,65,65,,0.79,0.21,0.33,8,3,33
31R063,Econ Disadv,73,62,,Not Econ Disadv,77,68,,0.49,0.51,0.65,5,7,65
31R072,Econ Disadv,316,47,,Not Econ Disadv,184,58,,0.63,0.37,0.51,6,5,51
31R075,Econ Disadv,205,49,,Not Econ Disadv,257,60,,0.44,0.56,0.55,4,6,55
31R080,Econ Disadv,30,23,,Not Econ Disadv,64,59,,0.32,0.68,0.48,3,5,48
31R861,Econ Disadv,64,47,,Not Econ Disadv,28,68,,0.7,0.3,0.53,7,5,53
32K045,Econ Disadv,44,32,,Not Econ Disadv,20,45,,0.69,0.31,0.36,7,4,36
32K162,Econ Disadv,65,26,,Not Econ Disadv,8,50,,0.89,0.11,0.29,9,3,29
32K291,Econ Disadv,71,0,,Not Econ Disadv,4,0,,0.95,0.05,0,9,0,0
32K347,Econ Disadv,86,0,,Not Econ Disadv,4,0,,0.96,0.04,0,10,0,0
32K349,Econ Disadv,109,0,,Not Econ Disadv,4,0,,0.96,0.04,0,10,0,0
32K383,Econ Disadv,207,54,,Not Econ Disadv,44,59,,0.82,0.18,0.55,8,5,55
32K384,Econ Disadv,44,23,,Not Econ Disadv,7,0,,0.86,0.14,0.2,9,2,20
32K554,Econ Disadv,42,98,,Not Econ Disadv,16,81,,0.72,0.28,0.93,7,9,93
32K562,Econ Disadv,103,29,,Not Econ Disadv,6,33,,0.94,0.06,0.29,9,3,29